id,question
67cfd4b9ba04c04a487ec39f,What are the precautions after the spinal canal explor nec procedure?
a3c1f40e880ba9d30165da29,Do you know what type of blood patient 98517 has?
f2147dbedaab703750fcd937,Do you believe patient 97395 has received any additional fluid received in blood culture bottles test?
3ae2168575144fa7bff0773b,Is patient 4758 subject to the test covid-19?
28fb3dd077aebb1daf3e9fe4,Where can i find a reimbursement standard for cerebrovascular mri?
21fe976dd2fd2be6db9c01b6,When are dr. davis's rounds and procedures?
0ba53e15e28cc6c41c12f29b,When and where are the rounds and procedures of dr. canpos?
c919552da540025ef269dfef,Tell me all of the prescriptions patient 2518 was given in the other department
2ca1d1be2d4d07ebcd6b3235,Is patient 3403 subject to a covid-19 test?
9556f5bb39ef85f316ec69f4,I would like to know what dr. dunlow's on today's outpatient schedule.
4278528d67400edefc633789,How often was the last time patient 20801 had a medication that should be regularly taken?
8b05dac24440c0e125c2982d,What was the duration of serum transfusion nec for patient 29540?
8b39463fdf4a8b3980e64af0,What is the ward identification of patient 7375 able to be admitted to?
02b3b650c8a76d49c5223798,Is patient 3277 subject to covid-19 testing?
bde07b33be302a136b2699b4,When should patient 74392 visit the hospital next?
c1d67292940ffad4ade361e9,Whats the reimbursement standard for a cerebrovascular mri?
8cdcafd00523784d37d8dad5,Which immuno-cancer drugs have been used for the last five years?
1f6fb1acb94a920e308918de,Can you point to a genetic test that patient 28447 received?
7ea687da89af68315ce96f56,Does patient 19175 have a family history of colostomy status?
9d188dcdbafa3802c326bff0,Do you know the ward id of patient 31854 to which they are admitted?
549e20a8edaac5f7b05ecb41,Did patient 68280 experience side effects during a blood transfusion?
3b684d2b82753b3d95f1dbc9,Tell me the blood type of patient 76327?
6fb7db09905b3e0b6571bb41,When and where are the rounds and procedures of dr. moore?
9e4d892692bac7261d1c86af,"What is the code which is assigned to icd-11, to referring to legal blindness-usa def that occurs in icd-10?"
d4838da30561bc40110b929d,Do you think patient 1912 has dmii circ nt st uncntrld in his or her family?
f617b7296ab248a05c6041c0,What precautions should i take after a closed uterine biopsy procedure?
0de02f3946d72e99a86d60ea,Is there any gene testing that patient 14397 had?
9bcc50dfeada714797755ff0,What is the checklist you need to follow in advance of your egd with closed biopsy procedure?
d668c80dc28d9c4f1a984524,Does patient 73693 have any travel history abroad?
a301cbb555555b4a30c9dfbe,What is a checklist before lumb/lmbosac fus ant/ant?
c85dcc855c873d1ffc99f027,What is today's outpatient schedule for dr. cannon?
acef00fb099d89d41958c435,Does patient 49176 have experience travelling abroad?
cc5fbcfde89a0973970e7397,What was the total length of excise diaphragm lesion procedure for patient 594?
b91fff10d613c5660031b070,Tell me the dose of an opioid prescribed to patient 13897?
1a33ef0177e3bdc49dafbced,How many operating rooms are in operation now?
ec4b556e4ac98f7c6485240b,Tell me the icd-11 code for candidias urogenital nec in icd-10?
3611ae2dcaeae9a7d87cdf93,What is the ward id where patient 5828 can be admitted?
0e206bae559f3646f2535376,Let me know what i'll need to prepare for the delayed clos abd wound procedure
b81ed5d5887f1e702281cc7c,What kind of medicine does patient 50480 take when they get a prescription from another hospital?
f8961f88221514dc6b646933,"Hey jo, tell me what that diagnosis was that patient 20801 got in that other department"
781a848c0f1a072d4667722d,Is patient 21074 subject to tests involving covid-19?
0142fefc91ec6884f43de80b,What is the code in icd-10 that corresponds to icd-11 for voice/resonance dis nec?
5fa52b07870c541ddad80fd4,What is the dose of the opioid prescribed for patient 19059?
63963fa9f83cbade78c334a0,Can you count how many operating rooms there is now
981338dedcce7e27679a41c7,When was the last time that patient 59941 had a medication that should be taken daily?
cd733e64db1b7801954ac9ac,Where are the single rooms out there now?
db0532f93811b5c3527eb224,During a blood transfusion has patient 18866 ever experienced any side effects?
fc3894dd76e5cc3a753eedfb,What is the reimbursement standard for genetic and chromosomal testing?
956020fbb55b1050204ceebd,What's the name of the med that shouldn't be given during exc/dest hrt lesion open.
21e50a8f4be7dfdd1d9fb392,Did patient 66015 ever have any side effects during a blood transfusion?
82eed12efc2bbbf2dd01b1c2,Tell me what to prepare before the peripheral nerve graft procedure :
34bcde5942f36df939445209,How are the precautions after the creat esophagastr sphinc procedure?
bbaf6db3927ca6221096a678,When are dr. smith's rounds and procedures?
14dc70100f62f8b317f16a1c,I want to know the ward id that patient 65962 can go in and get in?
ebde9f1b9d393f71e485fb70,Is patient 18677 having a history of suppurat peritonitis nec in his/her family?
2a09cc17e6b8947dbc425e98,How do i take precaution after the rt/left heart card cath procedure?
d091004cb9fc04cd233d1142,Does patient 25951 have a documented record of legal blindness-usa def in his / her family?
11c93be39a2819fec36e2a6b,Does patient 65759 have a record of hypotension nec in his / her family?
fbbd2e1b86a772b593ee1bb9,Does patient 3125 have traveled abroad?
0b9e4acffe9d8f86bd9be2bf,Will patient 97121 get any additional stool (received in transport system) test?
96055c134a9e795b09937032,Are you letting me know if patient 14397 is subject to covid-19 testing?
59217d3eca4038fcc33993f0,Tell me about all the medications that patient 99080 received in the other department.
f9f4d6def655d54dcbd63348,What is the dose of opiate prescribed for patient 8908?
778dec17c4569dd7f4da476a,What kind of medicine does patient 17638 take after they got the instruction of another department at our hospital
90b567e91dc4ca2e45144a58,What is the standard amount of reimbursement for a drug?
d4667791b23ee3c61987de79,Can i tell if patient 1205 has need prphyl vc vrl hepat in hisher family?
cc6cddf1a72c4c14b010fdf1,What are the the single rooms that are available now?
ef1717a5f8cb73c78748607d,What is the disinfection technique in a quarantine room??
2701dd64f96330440b0d5b10,Is a genetic test that patient 95057 has had?
5e25f7703857496eb27b9a2a,Has patient 13329 experienced any side effects during a blood transfusion?
df2943ec147894b6e5bfbe4f,What is dr. caron's outpatient schedule today?
6c72b9c6d194e26c1ee7f466,Does patient 21134 have any history of depressive disorder nec in his / her family?
a39b48bf94054784fed63d35,What is today's outpatient schedule with dr. welling?
ee03c89cedfa0f30f24da326,What is the prescribed opioid dose for patient 739?
5e947ca43ffbad49cde64c05,"I mean, what is the reimbursement standard for cerebrovascular mri?"
dac65a4d9eca6e3f5529ae4b,What should i do in advance of bile duct incision nec
6ea26188016a8e0dcae6f2ca,When are dr. shears's rounds and procedures?
1b5f2850fe93f1eb4438b9dd,When are dr. holmes's rounds and procedures?
3917dc2e272fabe6467257d2,I need the name of the diagnostic that patient 31510 received in the other department
b56a5ca8c263bc1137aded80,What are the immuno-cancer drugs of last 5 years.
6f9909683d56ed89f9e559bc,Is patient 20589 a person with a family history of any health problems?
11608a4c97632da4a6c7043d,What is the name of the drug which should not be administered during the venous cath nec procedure?
133bfd224364a0a162d9e323,Does patient 57050 have some overseas travel history.
71d04374ffadf723feb6a4f5,When are dr. ford's rounds and procedures?
1dbe09373cc9df99e58c1b27,Can anyone help me determine the code that corresponds to icd-11 and for preterm nec 2000-2499g in icd-10?
b3b289b80bbadf3f9be2ebc4,What was the time it took for patient 14467 to undergo cv cath plcmt w guidance?
7bd0fb1be2b05eacb63558d9,What do the precautions be after the spinal canal explor nec procedure?
cdba77ccb92d5b91ada3a6dc,When will patient 31854 be next seen by the hospital?
f4222a52ce7d21c3c9d3c000,What are the precautions that are incurred after undergoing a oth transureth prostatec procedure?
cc37854387e108740577c491,When was last time patient 65759 had a medication that is something to take all the time...
a8ce51c1370a7fb07b65da1c,What's the protocol for anticancer drugs?
be52dc50e6aaa98ddf135fe9,What is the reimbursement model for drug?
582b1e6739323885d6dd7148,What are the precautions to take after the packed cell transfusion procedure?
8e4ed37b59452ca69b3481b2,Which method of disinfection is in the quarantine room?
129e758237d6a21a110b1f7c,What is the ward id that patient 3929 can be admitted?
368476b74ef69f3552e2cb3d,Describe all prescriptions that patient 54894 received in the other department.
6897e02993c3a8b24377556b,Has patient 9241 ever had any complication when undergoing a blood transfusion?
ad15992e182e0964c4084195,What is the opioid dosage prescribed for patient 7107?
001613e40181055fecd8dc18,Tell me the prescriptions patient 88180 has received from the other department.
9446bf724e050f51ed6448e1,What's the ward id that can get patient 56490 in?
634b0f8deeebe3bcb1a50a09,What is the dose of prescribed opioid for patient 30826?
4280ebde89a88a7f5565d9dd,W/is the code that corresponds to icd-11 for stomatits & mucosits nec in icd-10?
b587cd8c1c145a6a99b52e8e,What precautions should be taken after a rt heart angiocardiogram procedure?
01898f9cb797a1bb35415331,Could you please tell me the name of the diagnosis patient 23002 received at another department?
ee04b4b7af645ba90c2bd384,What's the reimbursement standard for pharmaceuticals?
2a3d19cceb7e76962f6d84e6,Tell me all the prescriptions that patient 13054 received at the other department.
76c552ca9be899eab747b7a3,What is the name of the drug that should not be administered during the spinal canal explor nec treatment?
d531eb280735fb30a757905a,"Will patient 7165 be provided with any additional urine,kidney test?"
0b6c432395ef9fcbfe105e93,Has any side effects been experienced by patient 3267 during a blood transfusion
650faa5ad60fd0f4f2dee70a,What is the procedure on anticancer drugs?
7b58a0880a46238d4e9722c0,What to prepare for the pulmon art wedge monitor procedure?
e054b776ce8b992288d3a151,What is the outpatient schedule of dr. swain today?
56a8d8e09edb2cee2e4d93a3,What is the medication that patient 4469 takes after that other department gives them?
c152c5dd0a1f2626db79696c,What is the ward id that allows patient 55247 to be admitted?
5401b6a61d136580b9f69be2,If so is there a genetic test that patient 26218 gets?
ae2b2591d8e2e64d87cd4240,List the single rooms that are available now?
0688645b190580e5eaf4bad5,How many operating rooms are available now?
c868b0184dd86f732c24d8f6,What immuno-cancer drugs are in use over the last five years?
3a2f38d0445a8f3784327832,What was the other myectomy time for patient 4718?
35845dbc8e2d2791d609cc18,What is the reimbursement standard for genetic and chromosome tests?
37919d0f8db2140219307c6f,Have patient 14990 an appointment in another department?
cbb2aecba43342d92debc795,What is the dosage of an opioid given to patient 21110?
60d0f145200cc583dc1c9dbb,What genetic test did patient 70234 undergo?
3831c2c777259f2c220dcceb,Tell me the type of blood of patient 13440?
b6cca58570a4d4174cb71b3e,I want to know the reimbursement standard for cerebrovascular mri.
64633965444f470a4ca586e8,How soon is patient 4758's next hospital visit?
dd91706df84d8357cdef457f,What are the immuno-cancer drugs that have been on for the last 5 years.
17a79ba0e1aeb153b34e461a,Tell me the dose of an opioid prescribed to patient 1258?
e50c094ffc2b4008e3005839,What is the reimbursement standard for cerebrovascular mri
c673226d59266c9f24c1559d,Does patient 70206 have a traveling history abroad?
7bd54b9aeab884f12aad013d,What are the single rooms that are currently available?
03b89b45a7325ecb997b183f,Do you have any suggestions for preparation for the temporary tracheostomy procedure?
06445e2823bf14c47a058abe,"Has patient 19412 been administered any additional fluid,other test?"
dc99421b0fa75072b7fc597f,Which method of disinfection in the quarantine room is?
279b2975d141762b456cd18d,Tell me the name of the diagnosis that patient 10855 received in the other department
770ad5d0ecd285dc97b984b2,Is that patient 5849 has an appointment in another department?
7a2a83f4a894b5b5f2076da6,What is today's outpatient schedule for dr. gaylor?
bb21fc57075b8a90bdec2466,What is the standard of reimbursement for chromosome and genetic tests?
9e339e1a8f7393ed2f0a342e,What are the new single rooms?
36f1d4c5bd1c63cf74545e1f,What is the code in icd-11 for renal & ureteral dis nos in icd-10?
a978c41bf772b0328ae1c73e,Please tell me the exact prescriptions patient 4269 received from the other department.
58be20bc10780428cb236a2e,What are the precautions to take after the opn/oth rep mtrl vlv-tis procedure?
1938082694abfabf0da88e32,What is the reimbursement standard for the genetic and chromosome tests?
cb605fd1d340ab1ad0afe330,What is the drug to avoid during the exc/dest hrt lesion open.
d110cb39c939189ff2381a4e,Do you know how many operating rooms are currently available?
367b2116257001fe013bc048,When is the earliest next visit of patient 8773 for other departments?
3df956fea1348d1046fdd09d,When are dr. oneill's rounds and procedures?
304190e81318d73ef0c5f885,What is today's outpatient schedule for dr. knight?
3753ef6947f42f1a4e5a6a63,Has patient 9474 ever experienced any side effects during a blood transfusion?
da71745a0892dc4e3347b091,What is the method for disinfecting the quarantine room?
0d8f8539a8e82f5daa90562f,What precautions should you follow after the cont inv mec ven 96+ hrs procedure?
8ad38d6021157f461e8be73d,What is the list of things to do before you go through the incision of mediastinum procedure?
762190765b6e9b306ee94b34,What is the earliest visit of patient 97834 to other departments?
f482fa51f88bdcc934bc4754,Can you list the single rooms that are available for rent now?
ae863d8431919bbfb1dca0db,What is the outpatient schedule today for dr. solis?
45e96cdfdd32151dd3592509,What is the history of immuno cancer drugs in the last 5 years?
d53c2b6d7e4bf45b77a8dd12,What kind of blood patient 85700 has.
859635e6c88f004f9e9f32da,When are dr. martin's rounds and procedures?
92b7fb1f0888976bb221ed1d,List the preparations for cv cath plcmt w guidance
819106b66507d6daacc3feba,What's up with the single rooms now?
6daf43327893e27cc1c785bb,What are the precautions that should be followed after the procedure of coronar arteriogr-1 cath?
23016e3fbba29157468b85f0,What is the type of blood patient 10431 has.
b4ebdda80c6329d3a8363c7e,Do you know of the drug that is not to be administered during the refus lmb/lmbsac pst/pst procedure?
95a56ae5ea17a6e60f36afb6,Can you provide me with an example of how many operating rooms are available now?
906878394c7c53d1c7d622c0,I would like to know all of the prescriptions patient 21003 received at the other department.
5442daaf8455ec924ced4a84,Will patient 99082 be given any additional stool (received in transport system) test?
5d0429ce6caa78a35b8b997e,Tell me the id of the ward where patient 55281 can be admitted?
970112eab9858a27e20a091f,Can you please tell me the name of the diagnosis that patient 73693 received from the other department?
f2298b0bf7b7aa99bc543176,Tell me the method of disinfection in a quarantine?
69c7281826029c1b41a34049,What is the dosage of an opioid given to patient 4469?
bb8a1fa7460a1e93f7fe94cd,What about the single rooms which are now out there?
7824e920bc0ac651cb49b706,Which immunocauteries have been used for the last five years?
412c53a53a3b1c06f1f68772,What was the time it took for patient 13528 to undergo c.a.t. scan of thorax?
4cc7f474aee41be6f9a8dc37,What is the code in icd-11 for klebsiella pneumoniae in icd-10?
d8cceb3ec5f0418b29f0a459,Do you think patient 31615 has an appointment in another department?
adfd9a5399c408d1e11a4aa2,What is the reimbursement standard for gene and chromosome testing?
1f400039f5811e19f5da4593,Do you think patient 29540 is subject to covid-19 testing?
e8be8d8ac70685f324507cdc,...when was the last time that patient 60219 had a medication that should be taken regularly?
34586824e9cd0af359187e34,When are dr. williams's rounds and procedures?
9eaee8b12a9d726c44201f25,Do you remember which immuno-cancer drugs have been used over the past five years?
408a90b2c2390990c83c0be0,When was the last time patient 32592 had a medication which should be regularly taken?
1c513ac8c299151372834f1a,How many operating rooms are there now?
44fdec17266371ad7f7871d7,Is patient 85169 to have had a travel history overseas?
af07d2b195d6add6909c4f64,When will patient 17953 next go to the hospital?
54ce172ad4dee0a2a6d24cd0,But does patient 11426 have an appointment in other department?
dd41fa87a9bb005a4d9cfe78,"If it is a cerebrovascular mri, what's the reimbursement standard?"
6992e079d5cc2aa7a2bb6cbe,Does patient 5142 have a travel history from overseas?
44976b84ff1c95d71e982f32,What immunocancer drugs have been used for the last five years?
1c0fc6d294954a3775cc36df,Does patient 23436 have a appointment at another department?
358fa6004175aca2698df8bb,How many operating rooms are currently available?
4e9aac252394c9a79ea2005d,Will any additional blood culture test be done on patient 76275?
ded63a32010e347a3a99d26d,Ist patient 5142 subject to covid-19 testing
177414b028ffe63adf88e436,What is the checklist before the therapeu plasmapheresis procedure?
0c1c6ad6a0a679043de5adc2,How long ago did patient 52647 receive a medication that should be taken regularly?
38e2f42ebf3b484fd618abc2,Does patient 54386 have any overseas experience?
3c0cb65bd0831752922d8073,Is patient 3273 aware of any ill effects of blood transfusion?
58c7b81fff91803d70fcd674,What should i do following the coronar arteriogr-2 cath procedure?
dcfb3bfb9c133a83a862251a,How should we disinfect the quarantine room?
9838b1b25dbb387afc8f07aa,What is the prescription dose of opioid for patient 31306?
371d12824fa1ffd7ef5e90e7,What is the dose of the prescribed opioid for patient 99647??
af69042027761577e56622e9,What is the length of time patient 89875 had to undergo packed cell transfusion?
5af27d478c355763b0000b8b,What are the precautions to take after the inc/exc/destr in ear nec procedure?
d8ee53098c33deb8fdb3b50b,What is the type of blood patient 97330 has.
d11f27c0322c15dc8f10c8b2,What is the reimbursement standard for cerebrovascular mri?
def40a677b6ecbf4f1bd3de2,The earliest hospital visit of patient 99661?
96487dd035f8b985f4b01677,When is the earliest of patient 31880's next visit to other departments?
821e3fe48e8557a30caa67cf,What is the checklist you should prepare prior to having destruct chest wall les?
73bfff1ea31aa4d903100d70,What is the code which corresponds to the icd-11 for cerebral edema in icd-10?
42338b681fd350441ca9efc0,Do patient 19894 have a appointment in another department?
a6dfce8ef3e5a14b57bd2d11,What is the correct dosage of the prescribed opioid to patient 19428?
3968a40f9da4c7f52e8f7dea,What is the dose of the prescribed opioid for patient 76372??
214a7cc494b5ad3fd78e9765,"So, when is the earliest patient 28343 is going to come in the hospital?"
6b5916a645e1dcf8aaef7a8d,What is the name of the drug that shouldn't be administered during lt heart angiocardiogram?
b0e33df4abb89b92c708cf89,Tell me the icd-11 code for fetal/neonatal jaund nos in icd-10?
58820822f031297565e686b7,Wanna the last time that patient 26799 had a medication that should be taken regularly?
5a4f493fdb61cf9a1f898407,Tell me the protocol of the anticancer drug?
b6cdfe2edf6838e152af3c54,What the name of the diagnosis that patient 14467 received in the other department?
045bf7ee10229a2cde7504e7,What kind of immunocancer drugs have been out for the last five years?
785d76bc0b177869d3d36d87,How many operating rooms is there now
ee73ce9db61eca17bccfc7ee,Does patient 57050 have a past overseas travel experience?
8f3012a3f38700d9fef0fbad,Is patient 23070 a person with a family history of any disease?
5661fb129ea343e46075bab5,Tell me the type of blood of patient 31854?
e8fdd9acc2da7140baf49188,Does patient 95470 have reflux esophagitis in his family?
d72f15251b85ed2e1b191e0f,List the drugs that should not be administered during procedure-one vessel?
38cab6c7f7f7fe731b55ebde,What is the code that corresponds to icd-11 for ac dvt/emb distl low ext in icd-10?
c6b942401a65b3fa2db93ef0,What kind of blood patient 18866 has.
f6a020353c429522bafc3321,Has patient 13528 had any ill effects during a blood transfusion?
a0cdae836281b14960231c43,What is the list of things to do before you go through the endo polpectomy lrge int procedure?
7183861df46553ab538458ae,Whats the protocol for the anticancer drugs?
676f00b844b8685a14e6582b,What is today's outpatient schedule with dr. smith?
1688c6b7696b2a979945cb6c,How many operating rooms exist right now?
9c48cfc44e14602d0728ed28,What are the single rooms available?
137099cf125111be9c3e94c3,Is there a method for disinfecting the quarantine room?
bcaec1a9a3a9b59caef1e49a,Is there any record of cardiogenic shock in patient 83182's family?
9235d1bea2de86e8bfe34a29,Do you know the method of disinfection in the quarantine room?
88f1c32259e7e65db186fc61,Tell me the protocol of anticancer drugs?
d7c14bbe3a56d6a3b48cc26d,When did patient 94757 last have medication that should be taken regularly?
933c11a9ca710be4b2120713,Has patient 9038 ever experienced a side effect during a blood transfusion?
f5ddb5194586e227ab8610fc,I would like to know what dr. reeves's on today's outpatient schedule.
8a498aa27f9b433e78ba0a00,What is the type of blood that patient 60136 has?
6ef2183a66a1c25b6446eee9,How long did patient 18457 receive below knee amputat nec?
1e114a0ca464f5bf590ace7d,Do you think patient 24132 is subject to covid-19 testing?
ea3b6816231eff47e5f4ff99,Well tell me what to do ahead of the left heart cardiac cath procedure
486be4b5d2429d76a159f7bb,Can you please elaborate on a ward identification that you can use to admit patient 64292?
53cdff279789d1183c4e5a86,What about the single rooms out there now?
d2d60e3fb7175ae8e24658d9,Tell me what diagnosis patient 32153 received at the other department.
4b381a5f887c98f632753d0c,What is the protocol of the anticancer drugs?
5132adcd87a30d937fa216b4,Can you please share with me the name of the diagnosis that patient 95909 received in the other department?
22f6471acc2d184e7cfeeb6f,Tell me the blood type of patient 58649?
ac175862df937e28b15bb023,When was the last time that a medication that should be taken regularly was had by patient 594?
3afcd24ffddc745b26111a19,Does patient 20000 have any inherited disease?
a3bc01d2aacfcab611fc1c53,Please send me the name of the diagnostic diagnosis patient 5828 received at the other department.
67a50aa49b80a0cadb830e34,What precautions should i take after a exploratory laparotomy procedure?
29a1dcd96e7a8c556183b81f,Tell me the protocol of anti cancer drugs?
029b91056c419bf0d15c3c15,What precautions should you follow after the nonop cardiac/vasc exam procedure?
00979fbe4ba004cc20246b9a,Patient 15209 is subject to covid-19 testing
c6ff88c99785463abe05ab14,Does an appointment have been had by patient 17462 in other department?
e51c2dd489fa0ebf1c2b7700,What is the protocol used for the anticancer drugs?
60fa5859e5561740ec7d024d,What is dr. turner's outpatient schedule today?
fccae88f01f7fd8906029a4f,What's the ward id patient 90165 can go to?
d9d32742eb8e9436fd593092,What is a drug that should not be administered during cont inv mec ven 96+ hrs?
6fa5f1bd8164edcb10243287,What is the ward id that patient 10278 may be admitted?
7c03a7d1027f6d34619316ee,Will patient 739 get any blood (ebv) tests???
c9b9077631942180f3a3b0ed,What is the precautionary measure following the head & neck endarter nec procedure?
ab4e7468a6d2dfc3bdbc9ff6,Is patient 15821 having an appointment in another department?
f67d746e41ace34ddad71fba,What is the protocol of anti-cancer drugs?
9c5b3244cf12068e0fc12891,Will patient 28443 receive any additional immunology test?
77020ee533db2c04412900f0,What code is associated with icd-11 for helicobacter pylori in icd-10?
f14d881d1381c847c13301a6,Did patient 73713 have overseas travel history?
cb7b80bbdfdc960e82ea8bf3,What precautions should i take after a pros repair atria def-cl procedure?
d34f3b955bd78b3126293e64,When did patient 10855 last take a proper medication?
8f6f18c72c81b1627f391252,Has patient 23070 ever experienced any side effects while receiving a blood transfusion?
09defcd24314b8496fb3d74c,What is the dosage of the prescribed opioid for patient 9619?
6fbc822299d5ed6324fb6280,What immuno-cancer drugs have been in use for the last five years?
7cf79d6d78b98237ceed2c66,What is dr. robinson's outpatient schedule today?
b0fa39290a379ac3962d1215,Does patient 12410 have experience with overseas travel?
bb9f9e41ece52e577d67ea85,Is there a code that matches icd-11 for male gen inflam dis nec in icd-10?
826d5f58864744f66f50a9f1,Is patient 44848 subject to a test for covid-19?
bbb5e4ef8fa79866856181d3,Patient 99747 is subject to covid-19 testing
21e6de874970fa7ae9510d18,Does patient 6170 have previous overseas travel?
425004d751172cad53c3ad6b,Do you know what type of blood patient 1903 has?
17c962c6c3323c0e76fe972c,Just a quick look closed bronchial biopsy but how long did it take for patient 28443??????
4c853a58d04f9b3b5fb7cf1c,What is the id of the ward where patient 40707 can be admitted?
753481148eded16306edf567,What is the ward identification of patient 15968 able to be admitted to?
f1d835a5bb021603f18ae280,Do you know patient 9566 went to another country?
abe89412efcd41bf266d253a,What is the name of the diagnosis that patient 30267 received from the other department?
21dbea03500cf77a64577287,What is the name of the drug that is not to be given during packed cell transfusion?
5b0182b6de80a169f35424ab,What is the name of the drug which should not be administered during the insert intercostal cath procedure?
3ab5f4f4e306a69472e20429,Has patient 23224 an appointment in another hospital department?
6e3ef13b7c663dcb6c9945ec,When was the last time that patient 10266 had a medication that should be taken regularly?
edf02ff65e3bddb4db278a87,When was the last time patient 83182 had medication that should be regularly taken?
efc40de8a506d0e04de52dd0,When and where are the rounds and procedures of dr. coburn?
a1a5f421d9b782f7e987091a,When and where are the rounds and procedures of dr. conerly?
99282beda9432fdc84953229,Has patient 27146 ever had any side effects while he/she is receiving a blood transfusion?
5c872eafe61305c165ef7490,Tell me the reimbursement standard for a drug?
44b3905875474271bf26457e,What are the reimbursement standards for cerebrovascular mri?
40adf249c767a37afb9398c6,What do you do to disinfect the quarantine room?
76b2409a30b5bbbeab3d334b,Has patient 7112 had a family history of a disease?
3ee6a4091b6e165e3eab53d4,When is the earliest appointment for patient 14467 for other departments?
24ebd2bae7cfabd18b6ce9c8,Does patient 46528 have a history of overseas travel?
5da9ae74c519002875122c59,What is the drug that isnt to be taken during opn/oth rep aortic valve??
e2c201a20662ad1fab6cc5ef,Has patient 2127 had an appointment in another department?
6b42551afc7b875d354f4b01,When are the dr. gutknecht's rounds and procedures?
290b08ec95402e357dd162b0,Can you please tell me the name of the diagnosis that patient 54894 received in another department?
613174eb83b532fe4e38b7fc,What is the name of the drug that should not be administered during the total splenectomy procedure?
4b5563f6063f368aaf4d032b,When is the earliest hospital visit for patient 92721?.
a410edd0be9764d12a841458,Has patient 52018 an appointment at the other department?
c8620b45b18ebc1c914a2581,Does patient 3242 have a family history of malign neopl prostate?
c749d56aa8cacdcfa66338ba,Tell me all the prescriptions that patient 83062 received at the other department.
1e888452b37ac8ca86b6980c,What the code that refers to icd-11 for senile dementia uncomp in icd-10?
72ad619b7c1288429ab0e7e8,Does patient 32163 have any abscess left?
a5de915902ae68f1b9298fce,When was the last time patient 46528 had a medication which should be taken daily?
b081cbc08146d7b9ab265566,Does patient 69761 have a scheduled appointment in another department?
21a13676c67585e41b8f6a67,Dosage of opioid prescribed for patient 8116?
9c4faa51bc29012ddcee7e11,What is the ward id that patient 19175 may be admitted?
0dd4139bd1f8141dabb5746b,When will patient 92846 be next seen by the hospital?
fb62db48ad7712c787e1d173,Tell me the dose of the prescribed opioid for patient 90019?
a6c506df1317e23580129055,Does patient 6921 have an overseas history of travel?
c905e6677e0cbf329230ebf2,Is patient 14054 subject to tests to determine if he has covid-19.
6ef2fe833cee5960612ae052,Does patient 10211 have an appointment in other department?
f3e47e3f679e8381a5c4a2b6,Tell me all the prescriptions that patient 10539 received in the other department.
7acfb197a239ef58e7f08525,When patient 9619 is scheduled for the earliest hospital visit?
bf885e40699431f501098369,How does one disinfect a quarantine room?
3189eb16865c13742abd3f7a,Is patient 12726 scheduled to have an appointment in another department?
054b6f8bf46fb8b641b71498,What is the name of the drug that should not be administered during the endovasc embol hd/nk ves?
10ed8799a239ae7d1d0f79c9,What is the correct dosage of the prescribed opioid to patient 42829?
d01b05000d59848ec7db20fc,I would like to learn some tips on how to prepare for the tachypnea procedure.
ce91ec91b6aaa48439b33e96,What is the procedure of the anticancer drugs.
11bb6b4e96dfc29737cec768,What was the duration of the circumcision procedure for patient 3277?
83e367047d0aa921f3cb6d91,When are dr. lail's rounds and procedures?
a54cc5aec8ac14dc7dd2bdbe,What medicine does patient 84476 take after being prescribed by our hospital's other department?
4244cfa368679a0ccc3f5672,Does patient 65309 have a trip history overseas?
2cbebf97accbbf3a5041776c,What is the outpatient schedule today for dr. leigh?
eae3d736ea15573510314df8,Please tell me the name of the diagnosis patient 30267 received at the other department.
411e30b09a68ac73906064aa,What are the current numbers of operating rooms available?
5497d84d98c1646706086e2e,Will they have any urine test done for patient 24268?
cd7621aeaf5bf1a22ca8394e,Has patient 91768 ever had any additional blood culture tests done.
94565cd9b8a667a9b65034a4,I am curious what the protocols for the drugs that work to treat cancer.
bbfa77367f4475e333c7a834,What is today's outpatient schedule with dr. burgess?
42b32b8c9018073085ea61c5,How many operation rooms are now available?
e45d3d0893b986609bb61212,What should not be administered during a proc-vessel bifurcation procedure?
fa3f52c79b018b43a9e8090a,Can you list the single rooms that are available today?
55a82d52a8bcc98c682b8a78,How long did patient 26286 have to undergo contr cerebr arteriogram?
ccb20fe5f0ec69b335b58f1c,What is the outpatient schedule today for dr. minutillo?
08eeb31e70fedda9acf60d5d,When will patient 57023 be able to visit other departments?
8fb8495a86fc33185eb96c55,What is the protocol of anticancer drugs.
bbe2b568ffdaf7c89fb508ab,How long did proximal gastrectomy take for patient 366?
b6b8fff2d091a4950a8656fc,Did it happen on the last occasion that patient 16248 had a medicine they should take daily?
26e74aadac80448d7df8bab6,What immuno-cancer medications have been used for the last five years?
e6251eca229881bceb8a97c7,I would like to know what dr. garcia's on today's outpatient schedule.
2c4e0725c06cb24d740f8090,Which immuno-cancer drugs were used for the last five years?
b99ca86c27c7418b8cadc2bb,"Currently, how many operating rooms are available?"
3c678de40d16a9eae2e6f6dd,Are you letting me know if patient 3677 is subject to covid-19 testing?
645da0fe1582ef9cccf3adb7,Is the type of blood of patient 12775?
662b2f7dbfe34ec1b9a8e485,How is disinfection performed in the quarantine room?
e3e406fe664e626c9595b4ec,Is there a test that patient 65759 had been given?
db037fde5163630eb1dacbe1,Does patient 6440 have a history of travelling overseas?
d9e6af32ff852ac88dc76577,What is dr. barna's outpatient schedule today?
1b4e7ac4a337c583b0d77b04,The name of the diagnosis received by patient 65582 at the other department.
e52d7f0f71c5a96d3ad444d8,How long did it take to get venous cath nec for patient 31854?
c8b35c10890db1d889786310,Tell the name of the diagnosis that was received by patient 81840 at the other department.
be691057d7c16aac7ebabc58,Using the other anticancer drugs is the protocol of the anticancer drugs
6dd0dd2307f507f9c42eea63,What medicine does patient 80555 take after being prescribed by the other medical department of our hospital?
6c0d7988692dd2731863ec96,Have patient 96429s ever suffered any side effects from blood transfusions?
e4b74a53ea1be8cc09b170cb,What are the steps after the cystoscopy nec?
3f355b4c88735775a5eeacb2,What is the opiate dose recommended for patient 2518
177361783d0e88008a827338,Ya do you know if there was a genetic test patient 97330 received?
db075c3a76dad8cee21d6089,What kind of rooms are available now for singles?
0f16647da206cfafc77bdb03,Does patient 15209 have acute pain due to trauma that is part of her family?
c79aa16d36ce764a13078e7b,How can i disinfect the room in which there is a quarantine?
5a930b48e4949a1ed44fe056,What immunotherapies have been used for the past five years?
ca03ac7bbb7eccf0152f825a,How do you proceed with the anticancer drugs?
7f1d3e5201103ad28842a180,Please tell me what to prepare for the flexible sigmoidoscopy procedure
0d5c93359124d85b4946ec95,Is patient 739 tested for covid-19?
1f9b6689da5fdcc23879a5ac,What is the drug name that should not be administered during the above knee amputation procedure?
88eb5064597a8bdbd091db48,Does patient 7241 have a genetic test that they got?
4a6a55a4bf98ebabca394606,Is there a genetic test that patient 83062 recieved?
366c5196b25e3189805acc33,How long was temporary tracheostomy taking for patient 78131?
e8162ad0bfd3adb9a2c2f908,Does patient 13473 have a report of stricture of artery in his / her family?
38b7e8d3f95badf4596cd29a,Whas the earliest patient 9038 goes to the hospital?
ad181c030f922bb1d3793964,What kind of rooms are available right now?
f35e3b8882888f20f738170e,Tell me what to prepare before the non-invasive mech vent procedure
6b81072250740cd9e14626a0,Do you know the ward id of patient 10624 to which they are admitted?
256fd3ca11317b9a7e82835b,When is the earliest scheduled hospital visit by patient 91249?
aeb553a68c282c81e16d7c44,Have you seen patient 47460 receiving additional blood (ebv) tests?
ad25eb02b71d4d267ce0abfc,Can you tell me the id of patient 1372's ward that he or she may be admitted to?
c4342f86b05d451aef82a90f,When and where are the rounds and procedures of dr. sullivan?
7b572da72e10a69e40094361,Tell me the blood type of patient 28443?
a566581cd7454020e0914ed3,I would love to know the name of the diagnosis that patient 25763 received in the other department.
a6e53a5c90ec55b54a024a95,When are dr. young's rounds and procedures?
314415a08a9c1d6bd28fe89e,What should be done to stay safe after the cont inv mec ven <96 hrs?
9dfc1f05e2a00f866e5a96b6,Does patient 31880 have a history of late effect acute polio in his/her family?
34b93ea1246f25eeebd0e8c9,Provide me with the name of the diagnosis patient 3277 received in the other department.
44ff2488f2d3d5682b6994b8,The last time patient 19175 had something to take on a regular basis?
9e1a47f578512d0f3910fa36,Tell me the number of operating rooms available?
f60d7cbfd76dabfff55dc3fa,Help me tell the name of the diagnosis patient 92846 received in the other department.
a1d2ad87eb4e531d5e0486d3,Give me the name of the diagnosis patient 51605 had in the other department
451dfc06ff9455d76225f86b,Can you point to a genetic test that patient 655 received?
6c4b2c8d659fcb229d747557,Is patient 32168 in the family of a person with react-indwell urin cath?
9b97c77977d5e0060179aa15,What is the number of operating rooms available at this time?
80343317e0783f2a96a603d5,Does patient 59275 have a travel history to another country?
e40b14c3c51819949e2f549e,How long did it take to get spinal canal explor nec for patient 18877?
cb26c31984006b29f2c93878,Does patient 83038 have a family history of any disease?
f081cc4e63e6199eb7122b0c,Existe-t-il a genetic test that is recieved by patient 54700?
55a91f4eaa637abafc6b75b7,What is the method of disinfection in the quarantine room?
e11c8d2b04cdfacf76cca4dd,Has patient 29806 had any other stool tests?
e443e032271f916c3381b735,When is the earliest next hospital visit of patient 73652?
a1c948ed4a09091c1d92be84,Whats the code that works with icd-11 mal neo lower 3rd esoph in icd-10?
16efb111485f01232222a8c4,What was the duration of the packed cell transfusion procedure for patient 9566?
070f868f0ab84f4ec3f3982b,Does patient 69895 have a genetic test that they got?
47ed4895c2459c6df72bbc21,And how to find the code that shows icd-11 for mitral valve disorder in icd-10.
a40c239f553ad63c5c40cc4c,Can anyone tell me how many operating rooms are there now?
9ac29fcc00066ee270a82758,Has patient 26262 been provided with additional eye test?
f4526c3446deb95d067dc788,How long took entral infus nutrit sub for patient 10855?
41539321bbcb2564370db4b1,When are dr. hurdle's rounds and procedures?
c06489b1989596c5c396021d,What code is associated with icd-11 for aphasia in icd-10?
17f65319b8a03eaeeb2840a5,What is dr. koch's outpatient treatment schedule today?
903fa8b66fbddfcd2c54d16c,Has patient 49176 ever experienced a side effect during a blood transfusion?
98eb6c243d1dff5092eb4c38,What's the best way to disinfect a quarantine room?
cff67763de893e7028b45382,Is there any genetic test that patient 53392 received?
23a4576cc256bed45465d6f4,What is the code that corresponds in icd-10 to icd-11 for delirium d/t other cond?
eb546f4e23ee7c0f0ace4e68,Do you suppose patient 3369 has experience side effects during a blood transfusion?
8cdc13df0df6b0ba2bfeed8c,I want to know the ward id that patient 1784 can go in and get in?
b280ebdb1c738becbca7cc1d,When was the last time that patient 32755 had a medication that was regularly taken?
085c8ca9cb97ef04b07e9465,Was there a genetic test that patient 76494 received?
1d22e6440ebc8254221ff9ab,What is the type of blood that patient 18457 has?
48a6844f3ba6022354e2d189,What steps should i take before the drsl/dslmb fus post/post procedure?
3f24154f91b27bdc47594852,What are some of the immunocancerous drugs of the last 5 years
0e79ae45b54260645fa447df,Has patient 5828 had any additional catheter tip-iv test performed on him?
c47c4a63334997fb668032de,What the proccedural of the drugs against cancer is?
79435a6fda1d423ee215c027,Is there any genetic test that patient 14035 received?
9401e788946c189532687a96,Do you think patient 14203 may have a family history of any diseases?
42495442e7c6484bb48ed957,Tell me the icd-11 code for tobacco use disorder in icd-10?
fc1d2f78dd540b2cf1aed9b9,So what are the types of blood patient 8016 has.
36fa0c204674ed02e032e699,When is the earliest of patient 7400's next visit to other departments?
aac6ebb3d651674fd6c07123,Ist patient 13329 subject to covid-19 testing
a512e2c581e537c6e95d2626,Whats the pre serum transfusion nec checklist?
ca0b792691b7ae80aefbc093,Is there a genetic test that was given to patient 1561?
995e071fb1a801ad2552a7c2,What is the outpatient schedule of dr. brunner today?
df4e908303402aa200726682,Provide me with all of the prescriptions received by patient 16879 in another department.
ea99947eb86635891276c5de,Does patient 76494 have a family history of ac/chr syst/dia hrt fail
3a60895a1bcc132fc939a54a,What is the name of the medication which should not be administered during the contrast arteriogram-leg treatment?
b6199c44eb942b29559195b3,Has patient 17944 arranged an appointment with another department?
bfc0ef948f41f613e7769bc1,Does patient 23070 have overseas travel history?
9605044db0cc93ca8e59d0be,What is the reimbursement standard for drug?
b755ff2035aac255f467595c,So tell me what to do before you go for hemodialysis.
d9ff976abef3224333ca77ba,Please inform me of all the prescriptions patient 8888 received in another department.
f0220d6aa14301805fc7e420,Is that patient 15945 has an appointment in another department?
42fee8cbef2d81610c0f6a7b,What is the blood type of patient 32168?
decffce701731474c7a1532f,What are the single rooms which are now available?
3f70d67ccafc181a6d95a5da,When was back to godhead written?
a5348117eb65b1c2d5c291ae,Call the it department to report a system issue in patient records.
8b093fb10a7007c37b5ff6f9,What is primary and non-contributory under the liability
cc6a1305faf59ceadd9f9270,When does patient 1819 cease to be in a quarantine for influenza?
af5df4194e2b15e8dc1e2251,What are the latest guidelines for managing icu patients with sepsis?
b6a56db2ac82031670874f35,What is the top 10 side effect of magnesium sulfate (ob)?
a518bc2ddd1eb83ea00755ac,What are the drugs given as sedatives to patient 22245?
b718fdedc6f3898f1a2e85ab,What is the most common insurance type among patients with an address in dallas?
774d08103f43dd4c0d900e8c,List the passwords for the patients admitted to the icu whose first wardid and last wardid is 7.
ebf25ceeb5c2a16b2f7ae85d,List the hospital names and their locations.
089e103d861cebd552f0b089,Where could the video be found?
d440a9848fc7ceb07f335a2d,List the passwords for the patients in the icu last month.
574b827c1b18b74ef8d4e5aa,What is the average minimum humidity of the patients admitted to the icu yesterday?
3a2dac716607f985a10414d6,Who are the patients that most recently received input medication from hwid1010?
7bd71f98ee2dc6f246fa0efc,Which month of the year antihistamines are most prescribed?
a3dd6fd412e2c57c8e042d2c,What month of the year is prescribed for the most antihistamines?
872a8cc39a2fa2be94add274,I.e. what is the address of patient 49036?
a751f404e68e0842c821fdd2,List the arrival times of diabetic patients this month.
72666d852daac3bed406ef5a,What is the average time for delays in appointments at the oncology department?
a82eabb8c0c62cfcea76d24a,How many patients with permanent residency status were admitted today?
1b30621cd64122892267eb6c,What was the average difference between charge time and billing time this year?
7f333347b430444fa0a766bb,What does the efc number mean
732d3247063b956a96090f13,What is patient 92063's guardian's phone number?
b33d2a1132fb824b0556644d,What are the new drug distribution routes for this year?
ac53ccba98a3999f8317cd7b,When does patient 15794 end his/her flu quarantine.
d5619a250a533f622fa08740,Which physician performed the most number of procedures this year.
5a9ee00ab35bc444ffce03b1,How many patients with single marital status arrived between 06:00:00 and 09:00:00?
87b3e4f536785307eb3c0307,‚äì what drugs are being administered for patient 24268 as sedatives?
98dbae2cefdb17ea7b9dc802,List all requesters who have ordered more than 1000 lab tests this year.
9d8003bd44d76d570bd5a8a7,How about what's the address of patient 22983?
628fca20b68618c255b7609b,What is the average time of delay of appointments in the cardiology department?
ef11de45a4ae2161f701ecec,What is the most common drug color prescribed to patients with diabetes?
804573df458a455d75cf628a,Where is hamburg de located
37e79ddcdf4503d8d27520c4,What are the invoice numbers of the female patients who are not deceased?
adea3244a3c419ff3bd8efce,What hotel did he purchase?
3ebb7dfb50f5ffe20df2a74a,What is the average value of minimum humidity among the patients who were admitted to the icu more than once?
64e462acb79b6175bf2bbc6b,What is the most common year among patients who are not dead and are affiliated with def jam records?
74b838834d5f5d278388e052,And when does patient 12927 go into the percu abdominal drainage procedure?
8fb8024e79d5f38a28e0a1ee,Which performing physicians were involved in procedures for patients admitted via emergency room admission?
abcfd88c087ff9b6e46059c9,Show the average number of procedures performed per physician.
28e916123e56f4d1556203b3,Who was the last doctor patient 32153 saw in the obstetrics and gynecology department?
f65b450597677193bcbee6c7,What were they riding on?
05215f22ac565a3030674879,Please inform me of the phone number of patient 22782's guardian.
6837c9f45272479a2b16a015,What are the record companies with patients older than 45?
2e3df8e7ff3e3bf2d3cf7cfe,When did michael laudrup start playing with fc barcelona?
e5afb16514771a25b2e457e0,List the medications prescribed to patients with a male first child.
aeb5de2344d963029c6e21b2,What is hydrochlorothiazide? what is its effect?
084fad161486e9cb715a0230,What are the record companies that muslim patients are affiliated with?
855fec3a4dfb439928afa3ea,What are the top five requesters of hematology tests this year?
b7deeb354c331dcc04a4b6c5,Tell me the address of patient 86791 and why?
0acbb8c1d8eddbb25083c49a,What are the dates of leaving the university for the patients who went into the hospital more than once this year?
63038cdb342e49648810baf9,List all the invoice numbers of the patients deceased last month.
1ae3fb2889c1b1e5dd75eb80,What did he ask michael to do?
19bcedd102d2f4e60b3948f6,Who are the top five requesters of lab tests?
9e6e0d6ac2a6f5bf754653c7,What medication is prescribed for the patients diagnosed with atrial fibrillation?
4d49829249a5b147348db1dd,Count the number of procedures that resulted in a 'successful' outcome this year.
f651029a2b6efc526940f746,What other polls has he been part of?
445d2ee4fe0aa4c4b936452e,Which type of care unit has the patient with the highest page count?
e4739af1bea47bc15c31b32f,List all the intimes of the icu with page counts lower than 20.
480c96ab33f733cbd12262fc,What are the 10 most common side effects of clarithromycin??
6fd26774e0c807375b7c1739,Why did nicholas sparks divorce his wife
5969ab3416ff62f387b82377,What is a band saw used for
c92492feda1eb0a1ebcc05f2,List all icu stays during which input medication was administered by hwid1007 at least once.
9bcad6eaf94f60b03a7e3d5c,What is team bella all about ?
76b834589d3ed7bfa7941cb6,What were some notable times of their early years?
e934023e9a0c16821526e87b,What religion has the highest number of standing tackles made by its believers?
4d46191e82d4f85bb2fa256b,How many patients admitted to the icu this year have passwords longer than 8 characters?
4a3ee987d5eed4cb8fc7cbfd,How many different healthcare workers administered input medication to patient 10001?
8541dd3e79a2524eef7946e9,Call a medical laboratory to expedite test results.
3d269b39239d5b96ed89fd1a,What is the most common location among hospitals?
dde7888943c5ce032cffd4e6,How long does it take to get a refund back on your debit card from express returns
d0d2cc96940ac2b577ba70ca,Where did she never go?
2574356f8e9c787e824fdb9b,Skullcandy bluetooth headphones
698048f875f64bb38d8c5ef7,What was his first attempt?
569f949477cd2fda2d4ea751,What is the difference in the average number of hospital visits per year for patients based on whether their first child is male or female?
30d461a261559030034e3257,What are the record companies of the deceased patients?
7c4dc59f08a2b6a96b7a1256,Are you able to find a procedure appointment for patient 63849 for today?
f50b75b54af03eb23b73abc1,What key is alto sax in
b205cf40fe142d699a05c9ab,Tell me the address of patient 2536 and why?
17928f8215ac5734b7521160,Count the number of primary physicians who have admitted their patients to the hospital more than three times in the past year.
20bc21d443c654119da97d29,What are the names of the advisors of the patients classified as emergency at admission this year?
0ddd6dc18709a713a76158e8,Where can i find the phone number of patient 73913's guardian?
da76927d0eff934f23b6003e,Can you tell me what the drug can be prescribed for patients with esoph varice oth dis nos?
a5cc39d6ea1c9729e9cb051e,Identify 10 crucial factors influencing lab tests.
73529036e49e5922c0bc40a0,Was patient 5364 signed a blood transfusion consent form?
7e2dcdd483a3830f19e16b07,Navigate to the pediatric wing from the main parking area.
86839ccf835440d41b40bfa2,Which doctor did patient 71558 see when heshe last visited the rheumatology department?
3b19e4a9f4401f94414ae3a6,When does patient 370 end his/her flu quarantine.
659187a74e57637b35daa280,Look up the latest technology used in curing atrial fibrillation.
5884aff3bbac9bfd0ff165a9,What is haloperidol? what is its effect?
4b6353ec5a31b5c1bf637734,Which ethnicity has the highest average page count?
f7908eda301fbcbf66fd2c26,Which are the top 10 side effects reported for drug thiamine hcl?
9894aa0117f387ccc3c0a4ce,What was the latest arrival time for patients yesterday?
767d0e3e0e6a4254a995ac8e,What is the age of the patient who has succeeded in the most standing tackles?
2911905f7b71dc9ee7583199,List the requesters who have ordered more than 100 hemoglobin tests.
03c8bb9cb2716f43621cb14b,Whose phone number is the phone number of patient 40707's guardian?
15266b6704cdb1f8cd452e63,How do care unit choices in icus affect patient outcomes?
4e38bd109d02c58e7d3b58fe,Call a medical supply company to order more icu equipment.
95ed91ecefd97f4f68d59794,What is the marital status that has the most patients over 30 years of age affiliated with warner brothers records?
9b3b15e5a997276568cf4fde,Percent of population considered pre diabetes
5c639b834d848ab32371b285,Create a budget plan for the upcoming fiscal year.
be77b0162456496c3c5866e3,List the medication administrations by hwid1020 to patients.
7e1a9a31db03ad3e9603cf9c,When is the issue coming out?
cc01a7a7a65eb126616c7e07,Did he find a person?
f8c251c96bb987c5ed2076c2,"Are there identical passwords for more than two distinct patients who are older than 60? if so, list them."
a5ec1f13b1b903153ec55164,Whats the efficacy of metoprolol?
7da5115d6880b93afe291cab,What's the end date of patient 7112's influenza quarantine?
c141ebc01bb9dd637c004efe,Which religion has the patient who graduated from college most recently?
89e4e46ddc56c90d38aec205,Find the shortest path to the pharmacy from the surgery wing.
43851d9f14a559ea4100f7a1,Tell me all the tests taken in the other department by patient 7698.
9284800fd8ed3ff60873bd1c,When was the time that a patient with the highest cost billed this year?
dca4c06d509b190b42c230ca,What is the phone number of patient 74523's guardian?
84d4721f5e61842aa596dca2,"What is the relationship between temperature, pressure and volume of gas"
416572d9becf92768f378d48,"I mean, what kinds of side effects does ns have?"
d51e3c859e3835b1c8fa2846,What is the average age of the patients with minimum humidity over 30 percent?
824c344d379a08ba9b032a17,What is the average salary of the patients who believe in christianity?
9c2869cef2f1d574d7a0b07e,"Show the patient ids, arrival times, and insurance types of patients admitted for cancer this year."
ac454c98485a6e9c43e54799,Tell me of the tests patient 57050 has taken in the other department.
e55a7710442cf455cfc4ec5f,Dangling participle definition and examples
361609da111503a7dbd0b217,What is the average billing amount for patients with heart disease this month?
16f036a5f4e066bfd2d904c1,Retrieve images of different care units.
1318592db6b84edfe46b7da7,Did patient 51858 fill out the consent form for ct scan?
3dc0f83add6ccd420290c66a,Give me a list of microbiology events where the specimen quality was poor.
ca6452d0fcc4925d5cc3bef0,When does patient 65582 come into the exc/dest intvrt disc nos process?
ca3ac69651c08b642eb672db,What are the sedative drugs being administered to patient 4401?
7cbe8a357afbeaf1db568acc,Do you mean that patient 29741 filled out the consent form for a ct scan?
cec8a6ee63266a7f01f80da2,What are the most frequently prescribed drug colors for patients over 60?
516980a5554f33c21ca183b5,Where is the hospital located with admission id 145787?
d2916654a250739fbae2b772,Who patient 31510 saw when they last went to ophthalmology?
4b91a35cb013448ab5730193,Was the average time of delay of appointments in the rheumatology department is
839008d6dd9a3f492473ed16,What is the average date of death among patients who were deceased and were affiliated with sony records?
31fe116b7574718511ae013c,List all the advisors of the patients who were younger than 21.
954af13d6dc7c6c533e2e63f,What are the total costs incurred on a specific billing date?
31679dede264cc93766ffc0a,Which primary physician has the patient with the highest hospital admission cost?
4e3f38b5acb14b84c19b0fa5,What did they say to him
5abc9d918535d3307f61919d,Inform me of the tests that patient 95892 took in a different department.
697c4b98eea851000804f9fe,What is the predominant insurance type among patients who married after age 40?
6cbfdc3d86436bf51ac20d19,Do you love being a research coordinator nurse?
9728497b208efb3fa27e2aea,How are certain word phrased?
dca9a1a1b06f57335405eccb,Can you please tell me the address of patient 6580?
8d71f96fc3062598c863167a,Which primary physician has the highest patient mortality rate?
1a1a4662e9121b2ec51b7bf2,What is the number of patient 29971's guardian's phone?
5625e6388567182df2aab97b,What is the average period of delay between appointments in the nephrology department?
28c81639ebcda9f332d3fc94,What is the maximum number of standing tackles made by the patients older than 45 and married?
bfb0403b51d7349e984fe8df,What is the distribution of procedure outcomes by patient ethnicity?
20991d9d916622645fd27567,What are the dates of graduating from college among the widowed patients who got admitted to the hospital last month?
eccbd9f6d3d0961bf3e2a8be,Develop a meal planning system for patients with dietary restrictions.
5b7e7cea6c14a66683614904,Which icu had the highest average acuity score last month?
69efee73f187a30d6812ae88,Find any images used for educating patients about their condition or treatment.
94a005f173b3e30833a6eab8,Which antihistamine is prescribed the most?
f79fa4afc09f637db912a795,What is the average number of standing tackles made by the patients whose last care unit was sicu?
fd92836f6e1a812c7e1d314f,What is the average number of patients assigned to each healthcare worker who administers input medication?
e7029de5a892c70bd5f004f0,What are the top three most common procedures performed on patients with an address in san francisco?
8958f3216720fc04419d0f11,What month of the year does antihistamines the most prescribe?
4bf932258480b1c7ad5f00ae,What is the most popular record company among married patients?
c9a38b2012537ccc81186e55,Whats the efficacy of nicardipine hcl iv?
917badf660136cdbde3c0e4d,What is the average salary for the patients who were admitted to the micu as their last care unit?
0064f154fd57bb4cbaa0b873,When does patient 77676 enter into the injection oxazolidinone procedure?
0ac5a4c0eec1c408823ecaca,List the most frequent diagnoses for elderly patients with a female next of kin.
16ed22149970531de6f9f3cb,Did patient 369 do a consent to a ct scan?
24f78921cd386503847e3682,What is hardware registration
506dabdb3420e5ea3eed4cef,What is the average difference in admission duration between patients whose procedure outcomes were all 'successful' and those whose outcomes were not?
218dc5042482781a3da67df4,What is the telephone number of patient 59941's guardian?
626d9e416ae29a7eb7049e42,What is the average age of patients admitted this year with non-resident status?
a70b6040eeb73367fcf00abb,What eye drops are available that can be prescribed for patients with dry eyes?
436e18d4a82406b93d91929f,What medication should be prescribed to patients with glaucoma nos?
385e641ba9f6d4f87be32048,What is the average age at the time of death for temporary resident patients?
99811c06ada374d0f8b22e70,Read out the short title of icd9 code 01166.
40fd1207a10c4190e566b432,I need to know the phone number of patient 14749's guardian.
1f5292b27876676ec03ee3a9,What is the location of the hospital that admitted the most patients with diabetes?
b8e7e0eaf1d059c2fc7ab7fe,Which doctor were patient 65309s seen when they last visited the cardiology department?
ff31bc2d2babbce54ba584e9,How many male patients have a female next of kin?
919d12332cf6d5e5cb0c8253,How many patients from the icu in 2100 have page counts higher than 10?
d7bfaa791dff50ff50ea52c1,Apply a non-linear regression model to predict the progression of patient health status using 'chartevents'.
4604eb882c0a085315bff78d,What is the average number of standing tackles made by patients younger than 40?
2a9d088ed54aa381d9b85246,What is capital amount compared to?
c9705fb85231f3066df593cb,When does patient 80858 stop being quarantined from the influenza flu?
f968df813578fd0c367317f1,What are the drug distribution routes used in the hospital?
f73b2ce37c28f47894ee6bfe,What relationship are jessie and janet?
6b781aa16f1cdc56b618c7cd,Call a research institute for information on a rare diagnosis.
706443292e92adc73d32d8f4,What is the gender of the first child of subject 3097?
a1b471160a18a756c9b258f3,Which antihistamine is the most
c5109baf674ec23d0c5833c7,What side effects does propofol have on the body?
e432536973c91611dfb80a3b,Call a rehabilitation center to arrange post-discharge care.
b28dc49a162520774f9b7815,What does the average mcdonald's worker make per hour
a51767448d369240d4de63da,What boats need to have a throw safety ring
ccc413b763ed24bfb39994d2,Do you have an idea when patient 19428 goes into the closed bronchial biopsy procedure?
771c5c87039440790cb87cb1,What is the length of stay in the icu for the patient having the most standing tackles?
82a17c445add2e20e68f48ea,What is the average age of temporary residents admitted for emergencies last month?
7751f8c3f1ab0e21c43a613f,What are the invoice numbers for patients with no religion?
2d480d93128c6d01d254b654,When does patient 8016's influenza quarantine end?
b58a473dfa7c2592ff652a6c,Implement a text analysis on 'org_name' in 'microbiologyevents' to categorize organism types and their frequencies.
ceb1b370c018763bf9d540ac,What is the procedure with the earliest consent date?
a58a76b1090ea49d378d08c7,Show the average age of patients with a female first child.
65b54a9a91e26ef539c19320,What is the most common marital status among patients who graduated from their universities before 2100?
01d8cc2d8140fe97026f64a1,How many patients gave consent for procedures on holidays?
3384a95117cfd66b0be93cc7,What are the names of the advisors of the patients admitted to the icu yesterday?
cd1a10bb48a5d78543c8274e,Calculate the total hospital cost this year for patients with an address in san diego.
1b5b4f108d7e42aaa4f7d982,What is the average time taken for appointments to be delayed in the obstetrics and gynecology department?
62dc93be504c5467fcfd7023,What are the record companies of the male patients?
e85b614de2cd2b16e98d1819,Organize a schedule for routine health check-ups of hospital staff.
6d4f5b0a77a91969a10a7ca2,How many microbiology events with excellent specimen quality have occurred since last month?
6cfb2f10e771a78363a1bc5c,At what age did patient 8245 get married?
32c14dcc9df90f448106023b,What are the most common distribution routes for drugs prescribed to patients aged 65 or older?
2db0f8c7e1cefb70047669cd,What is vertical profile
20212b42562c96ba09627d57,What can be prescribed for the hyposmolality patient?
e2998a185c87c0ba4d5fc2f7,What is the specimen quality of the most recent microbiology test done for patient 1272?
0ec2b830c3ca46507175024e,Can you please tell me the address of patient 23969?
8d2be59a2ae80a2665cee9f6,What is the longest icu stay duration for a patient with an acuity score of 10?
760a949d971be61cb70b4e30,Perform a factor analysis on 'chartevents' to identify underlying relationships between various 'itemid'.
bb09a05cffc9f15b770ef908,Who did patient 6580 see when she or he last went to the oncology department.
7f2296fb74a26260f81ce5ed,Which doctor were patient 30228s seen when he or she last visited the urology department?
e24c2b3af926f81b8b39d097,Identify the most common organism associated with poor specimen quality in microbiology tests.
89b98595ecb5dd648dfff07a,What is the sum of the standing tackles made by the patients in the icu for the past year?
4b6a1eea90bca13f7f4efb60,Find the number of patients with a male next of kin who were treated in micu.
57b1795f3ebba52457f40a4e,What is the residency status of the patient with the longest hospital stay?
3254e2e1ee8fe4e2b1b311bc,How many admissions had a last contact time on a weekend and were discharged to home?
08b59f00be430697b18e99ef,Did patient 72107 actually fill out the consent form for a ct scan?
d35ffc3f43ed6b012ff81b78,Count the number of unique hospital locations.
f0d231106f67ae20775315a0,What are the latest advancements in lab test technologies?
bb25eafdbf46cbaff7655e69,What are the languages spoken by patients who married before age 30?
0b70a63dd87a9cc3e9394bfc,What was los angeles about?
ae0f7e8f47b2f9f678c2f460,List all the salaries of the patients who got admitted to the tsicu for their first care unit.
084afd2633ec15f7f471f409,What were the other styles?
590a46e35fc2ce6e48793a18,What are the most common side effects of loperamide hcl?
8c0883ba3fa949b8db01dae8,What are some eye drops that are acceptable for those with dry eye?
db6c51e3b981690d48f9b061,Determine the most influential features for discharge location.
f73f1dbf27ae1ba41d5baaae,What is the average number of standing tackles made by patients born after 2050?
007c241a8e7fee7a038f792e,What are the most common procedure outcomes for patients based on their admission locations?
59aeffdc0bac4c82ab171b74,How many primary physicians have been at the hospital since this year?
ff3cb10da055df7f8ad45db1,What is the address of patient 15945.
4ea946f4212eca0acf044771,Which of these types of painting was more likely to have been produced by a northern renaissance
09a532dd5b6e9afd19c87264,What is the adresse of patient 97395?
293a491c440d62e67c686f47,What is the maximum number of drugs and their drug manufacturers?
fc91b305e4be2838d4a5b0c5,Is there a gender restriction on potassium chloride (powder)?
6d76715f3b8643d188af9795,Do they have a gender limit to lidocaine-prilocaine?
dec6c9f45523ef859e8d0977,Is there any remaining appointment for patient 28443?
5497eb668de1ff020fd4e774,Translate icu equipment usage data into a maintenance report.
de4cad0d0244ec1d5096631b,Which drug manufacturers produce drugs prescribed to patients with diabetes?
1c7aab76fcd16c27eb23677e,Tell me what kind of fast acting insulin.
52c617e596accfe965a74a66,What are the top five most expensive procedures for anthem-insured patients this year?
d259847dbbc43592b3e84f39,What kind of documents are needed for hospital discharge?
83ec5f2878ea0c3503d1e17b,Suggest the best post-operative care for patients who had a packed cell transfusion.
fe862ff2d922e1153830a746,Which drug manufacturer is most frequently prescribed for patients under 18?
24eb409247f4e7e43aba26bc,What is the percentage of procedures that involved any type of anesthesia?
b7b46d74fb37a9539786e740,Does patient 17667 have any tests left to do before discharge?
8769c33294b067dafbe858b1,If so what is patient 18866's companion number?
5e79f764b9533eb69c07c4d0,Can you list the documents required for a hospital discharge? why?
1920549178d2063f406d999f,What are the top five drug manufacturers based on the total number of prescriptions this year?
56677fd269582e66886924c8,Cluster drug prescriptions based on their frequency.
c6b1da83d4b63322c4b4c6a9,Retrieve the latest news on hospital-acquired infections.
9e1673ff38efcb44fd73240c,Which operating system was most common for the patients who got admitted to the micu as their first care unit?
d2b91a51e6ef4727feef548d,What is the age of the oldest patient's first child?
7669405a2a1666ecbfff8817,Count the number of patients that wanted a copy of their prescription during their stay in hospital.
9109c1477507cea3a56bc3ea,What is the average age of patients with alcohol use?
5d836a81b5ce8992269a142c,Are there any gender restrictions on the product oseltamivir?
b5704c126bc27a7b3e42628a,Please tell me the telephone number of patient 273's companion.
542d6858a652ca64dd64426b,What is the average latitude among male patients?
c8423168c30a91e86bd3a8fa,Can you tell me the type of insulin that is fastacting?
ef75f75beef8f335b9baa3da,Find recent articles on mental health care in hospitals.
d2195d39e2bb7f411ae6ced6,List all drug manufacturers in the database.
14dfee8ea5e8f46e6c25dd3b,Convert the diagnosis description for icd9_code 01170 to french.
ace343c8a0e67cd244b3d081,Find the shortest procedure duration and the procedure name performed on patients.
2a929f4140fa128b102740cd,What effects does tanning beds have on fetus
a77018c703503d0e6e17cf18,What's the result of patient 66015's ct scan?
acc0c0cdef161a9284612252,What is the average anesthesia duration for patients who have been diagnosed with more than 10 conditions during their hospital admission?
a596ed8ea35947b5f68e0e42,What is the average area size of the patients who can speak english?
47b01aea87ca3478567aeb58,What is the least common airport among married hispanic or latino patients who can speak english?
4c6f37b09e9230a451cda980,What are the majors of the patients admitted to the icu whose first care unit is micu in the previous month?
427d21d4ec4e4df52e74038b,Average insurance cost
ff24e91af68e8cab47eac8d5,What are the operating systems that are used by more than 10 white patients?
7d1731d972d68642a1d92376,Predict changes in the annual gender distribution of patients over the next five years.
068adca6e566c9ea7450afd5,Can you tell me the telephone number of patient 22449's companion?
fde3bbc35e10c13131806d0b,Do you think magnesium sulfate is a gender restricted drug?
542be8111ffc89db7639ec01,What are the top five common drugs prescribed for patients over 80 years and their recommended dose values?
91962d52a73615ffad6e748c,What is the difference in anesthesia duration between patients admitted via the emergency room and those who were not?
14a66c48aae42d8235db66d6,Give me all the distances of the patients who went into the ccu.
8597515e0287991c861f671c,Translate patient admission records into a visitor management report.
5ff822748f260f0d813bfe27,How many scientists were admitted through a referral from a physician?
b50c0b91629c3e1eb8c1e1bf,What are the results of patient 11823's mri examination?
48889ad5f102d84349096d62,What is the reason for the transfer to micu for the patient in icustay id 239118?
d1fadb6c8dd5eec6647e6a16,Did he ever go on tv and state why he took drugs?
6e638207c190b2bfc104c8ce,Please describe what medication you might be able to use to relieve a headache in hypertensive patients.
2024e435133e2efe817fdc1a,What is the next mri scan of patient 25814?
1d55a2cb2075c095159fdcf5,Cluster lab items based on the frequency of tests.
970880ac21066f749bba19ad,Did they go anywhere else?
0e0d0ac51d0e88111f25178e,What are the results of mri testing of patient 15257?
2336788b39320ddc3aab7dfd,I would like to know the type of insulin that works so fast.
c232e6794bf8d1dbf9ff6a31,How do i find the phone number of the doctor in charge of patient 18866?
5feeffebbdb00685b21e88a4,And the elder?
2221c6ca4b7bdd6b39d061ab,Does there have a gender restriction on buprenorphine?
1501ae8d8efab085f519b248,Did the squirrel have a name?
f3232c5aa9f8ce5cb43f0a9c,What is the average distance between the care units?
4a543d7a5a2b445c6d3832f4,? what are the results of patient 59049's mri examination?
e1f71e2a39e7ce12a6a21ad9,What does apolipoprotein b value of 63.5 indicate?
b4308f599ae4e9243b96c815,List all the names of the airports of the patients over 50 years of age.
ba6ba59aff69aa182b6e11ff,What is the average speed in knots of the patients whose last care unit was csru?
fac90dfbb66690536c40e070,Which type of care unit is the furthest from sicu?
aaded7e531d63261d7e08157,What alternative route is commonly used in prescriptions for pediatric patients?
db942f82c8b54c6c40b1d995,Tell me what type of insulin that has a rapid action.
35e213805db89bbf446e5831,Whats the outcome of the mri of patient 32163?
201669edbbf8a7370e1a5bf6,What is celestone
1bef0c762add8a8a0a693e94,Develop an algorithm to detect and impute missing 'language' entries in 'admissions' based on patient demographics.
8ed214a3b37b99e4b939b91a,Recommend the most effective medication for patients with hypertension.
1d40c79522236fb151c0465a,What are the 10 most recent papers on ac on chrn grft-vs-host? &
f1e94bfbd8a4acb2b97f0185,Define non-technical insurance account
246f8359ba09e783f4e449b4,I need to know if there is any gender restraint on spironolactone
056fb750773e90aa030e9950,What is the most common operating system among asian patients?
30e2f83874ad5cfcfad469ae,What is the average area size of the care units in the icu?
98b8b345de9b31cd2668b9b2,What is the average distance for the married patients?
0e4f2f4885ba4659c994247b,Cluster patient admissions based on insurance types and the total hospital cost spent.
817fdd991bf061d43a6caf77,Tell me the most recent paper on retropharyngeal abscess?
9c12b1908eecc96921e5b09d,How many patients speak english as their alternative language?
346a6b1c95d407dd60ff4583,What is the average blood glucose level in athlete patients?
62351eb9c74c2c464077bb48,Count the number of procedures conducted in the neuro icu for patients.
cae9f75aaa264530ca43f2d8,Turn the daily summary of surgery schedules into a note for hospital staff.
199b2e2acc64428f7e798c47,Where is the most water found?
f1735f59888dc5e92a980156,What is the most common type of currency used by male patients?
1e4e8dd0ff34ae33dcd8af9c,Generate a pie chart depicting the distribution of the top 10 most common diagnoses.
9813253dbdee465b9e47ac5e,When did the idea of an international organization for food emerge?
ab60620a256593c8855554f9,What are the top 5 drugs most frequently prescribed at recommended dose values?
03f31ef366447668d469435e,What area of town denver is the pepsi center at?
81998505a14291319bd54753,How did engineers try to solve the problem?
c9dd0d430bbf3d22e3f3e059,Do you think bisacodyl is a gender restricted drug?
4d790b43564658ab3b4e0d03,Count the number of procedures performed in the cardiac cath lab this year.
35fbd2bb7e73dec7b0390bfd,What are the documents necessary for hospital discharge?
179bf167c286b5f0fde2a9af,Which label was that?
b10d95d377e7fd96548c50cd,What are the distances of patients with medicaid?
6d276e472515f3a34e65d3c0,Convert the most recent recorded meeting of physicians discussing a complex case into text.
235c0b04c31a09d7781e4dac,Which prescription shows the greatest difference in average organism growth rates before and after?
706b02d8754a0238a2b818aa,What is the latest news on pediatric care advancements?
531d0af347664f410627a0fc,Record the number of patients who requested a copy of their prescription during their hospital stay.
0577cc7be3dde491281e4ffb,Translate the patient's insurance for subject 370 into greek.
f29c341f04a2ef448f0cc363,What is the average number of days between a patient's last discharge time and their next expected admission time?
c8ba34fa5105957a68d936fa,Cluster patients based on the cost of their medical events.
a24c812c12df25630c3e42a2,Who else shoukld have the seat next to the pharaoh
dcb81ae72e1d1a8401a39e97,Please tell me what medicine to use in hypertensive patients to relieve a headache.
3767ecc6700c56b7e24069df,Did patient 18877 report the covid 19 test result?
930950b0e61480275d875940,Do we have some singer names of the patients who died 3 days ago?
6cf1b55a68678674858c540c,"Segment hospital admissions by ethnicity, language, and marital status."
f0058451e642bc79081d5500,What would be the symptoms to pancreas pain
14bb6c7bed022d576caf2a44,Which alternative route was most prescribed to patients under 30 years old?
d3c3b021182c355c4e1b80bb,Whats the outcome of the mri of patient 8016?
9472d82ca22999ff5c901966,What are the majors of the male patients?
ff8528ddb6bb24fd4ac86a40,Play energetic music for a physical therapy session.
00d3e734f6e0469592eee929,Can you explain to me what medication you may be using to relieve a headache in hypertensive people?
6d1fb25832dab886945dd8f4,"Is patient 10425 has a plan to visit after the current hospital visit, including other departments?"
ce0d216f4703f4417b14ea58,Does patient 18866 get mri readings?
e6a16146de655c76e0a5a66e,What is the average cost of procedures for patients whose place of birth is in boston?
04ed4b01566a9c408fc5f3cc,What are the dates of birth of the patients who majored in computer science?
c31cb18da6bbbe1066aeb6be,What is the average distance of the patients who got admitted to the icu more than once this month?
2421e3311f43427ac609f160,Play background music in the dental clinic to ease patient nerves.
2036c83624be19f6568997c6,Find the youngest female patient whose place of birth is in seattle.
29f11be3511916b829d232f1,What is the ielts
1c7189f64663b34996998446,What is the place of birth of the patient who had the longest hospital admission?
052a50039b6037274420dd8f,What is the average anesthesia duration for patients readmitted within 30 days?
3edd4a4d0001415835f3d941,What are the most common languages among patients who have been prescribed doses exceeding the recommended values?
adc65ada307e86fe87be278f,What are the names of the male singers?
77fa89ae38c8c39f7c81d4b7,What's the result of patient 15447's ct scan?
1b07c4e732cbd5943a9075f4,In what type of bond are valence electrons shared between two atoms
4d3a84d5c5ed76fcb4951341,What are the average growth rates of organisms for patients admitted to different care units?
619c0d97069b2720eecadf4c,What types of anesthesia are most common in the fusion or refusion of 2-3 vertebrae procedure?
536ee0098a55182b75db4447,What is the longest duration of procedures performed on patients with cancer?
d06e1b6a44abb8c2d06f5c31,Generate a pie chart illustrating the distribution of the top 10 most common procedures.
c8eb4a1719c5627ddf87792c,Windows embedded standard e sku
6f03fb45abf03355fdf2ebe5,What is the average age of the first child for patients with hypertension?
dfd68a634cff11f0c7c9dbce,Why weren't they happy with it?
6b38a2ea311d353bab0db4b1,Count the number of procedures with anesthesia durations over 2 hours that were performed on patients aged above 65.
1eac08ba1f265c3c327b62c1,What is the average distance of the patients who were born between 2070 and after 2100?
b5f3104776346d61b316a145,What is the most common reason for admission to micu?
5d8d44474b013c5673581998,List all the types of care units in the icu having an area size larger than 1000 square feet.
5ac240bc6491d1ec78be8ab3,What is the average pet age of patients who were in icu for more than 5 days?
e9075a46d6776298a18655db,Which test will patient 83062 be subjected to today?
0c7166b81fe901725b7eb628,Show me the total cost of the most recent hospital admissions for patients expected to be admitted next month.
8ef1358c8e787e3b1ea7fad0,What are the majors of the patients who are not deceased?
66849fb36f1b3833ece51450,Does it rain much in borneo?
1b1eb68d8eca94f1888c01df,Tell me the type of insulin that will work fast.
6e494bdfe5023a25242b95f9,Where can i get the phone number of the doctor who cares for patient 57023?
48f1e69154c4643e5a5b35d5,"Has patient 3745 a plan to visit her current hospital after the current hospital visit, including other departments?"
a56ff0957a284d651e7e8abc,What are the necessary documents in order to obtain a hospital discharge?
721452586d364928353c1138,When patient 17462 will get his next mri?
f0d4fd4f9ef83a84556038a0,What is the average cost for patients with 'medicare' insurance and a 'pending' payment status?
cf7020f0a35629a60da14b9f,What is the religion that has the most patients whose airport name is jfk?
e6b1ea98e579fc0b9bbaf0da,If so is there any gender restrictions on fentanyl citrate?
fa5955074cefb8227fce847c,If patient 18866 is getting an mri scan... when will it be next?
bdec7c306774d6d605d4da77,What is the difference in the lengths of icu stays between patients with 'completed' and 'delayed' payment statuses?
2882cabf6e0939d1a7ecca52,What is the median age of the first child among patients who were admitted last month?
bc11ae111fd50da24024a238,What is the telephone number of the doctor in charge of patient 4326?
1d9f34f734a17a488fefeebe,How patient 728's number is the doctor in charge?
e8057790cfb3bf1907c60c42,How many patients who were admitted to the hospital twice own trucks?
3c5224fd3b9805031e6c563b,What are the singer names of the patients with medicaid?
85e3fca57790810bb1784334,What type of test is patient 55360 likely to undergo today?
429abe1449551a068765e97e,What are the documents required for hospital discharge?
fe69454584acd2f3b66e4d04,Count the number of patients asking for a copy of prescription in the hospital
ec9f9a82be39ce9a1b98770f,What are the operating systems of the patients who got admitted to the icu for the past 3 years?
241237199afd4ab0bf19fa11,Which drug manufacturer is most frequently prescribed for patients this year?
51f107a86832910517f841d1,When will patient 24894 have their next mri?
7244f2d8e5c70022f4884696,Can you tell me the phone number of the doctor who is in charge of patient 30826?
3086cebf36c3aeee27dd03d9,List the reasons for transfer in which the number of cases is above the average.
ea02cf51a42cf529313b5bcc,What is the most common currency used among the patients who got admitted to the hospital more than twice this year?
289e5edadc5007d6fa2e4a8b,Count the number of patient who requested a copy of their prescription during their hospital stay.
180f8faf4d285fb9cacfa8db,Do you think that patient 27463 has a plan for visits following the hospital visit?
c1b6430d833cda363c07e4a4,Count how many patients are expected to be admitted next month.
6019c6cfa331a76747e3e179,Just count the number of patients asked for a copy of their prescription during hospital stay.
6713cf24d007377d7e869099,What medicine to take to relieve a headache in hypertension patients?
6762712ae8423c26a0745d35,What are the common allergies in patients admitted to micu?
7e49fe05e122e02f7b4dbc43,Does patient 64983 have an appointment for any test today?
0ffa12eb413fe198d8ad5615,What are the 10 most recent papers on long-term use of insulin?
e63445c44aa8a8b69bdfb8eb,What is the number of patient 29666's companion phone number
73fb93b17e794549d7aefcf1,Retrieve the emergency contacts for patients diagnosed with pneumonia.
5a5c4c6d198bda6e1670161f,Count the number of procedures that used any type of anesthesia last month.
a024d0f2f669a49d6d23c3cb,Can you list the 10 most recent papers on esophageal reflux and why?
682cc16deee208a0bbd263a1,I got a question...and is it a gender limit on multivitamin iv?
e4af8f1ba3897fc0635abfa6,Please tell me the telephone number of patient 25312's companion.
c7f3fe77ea11f0bbf111258c,Does patient 7742 have any remaining tests before discharge?
5c02f7ac0c5c557d72d6fe5f,Usps rates for shipping packages
868f55abba5b9b51520d27e4,Which patient and procedure had the longest duration of anesthesia last month?
e6233b691d261b0b5d750d60,I want to ask what are the results of patient 20066 petct examination?
6142ac809b4e6d03dc0b2fbc,What is the average pet age for patients with hypertension?
003f7650b1ad418ca111edc9,What train goes to the ebt
cdcda008dc7819a1b0327522,How many patients above age 60 speak russian as their alternative language?
c82edfa2a6b5736bd0ba574c,Do patients with alcohol use have longer hospital stays compared to those without?
b1408a3b1d78fe9f3e66a6b6,What is the most common type of currency among white patients?
da0649deb95e705d44b3a6bd,How to make bake potato in oven
a4fb3217af375fa0143a8cbf,"Has patient 26817 a plan to visit after the hospital visit, including other departments?"
7b472b0ae9e47179115926d5,When was alcohol anonymous written
b15ea4eb1bb9661e3b9dd6d0,What are the top 5 procedures with the longest average anesthesia duration?
a9c7e7917e0b8969446e33a7,How many patients who have the place of birth in france were admitted this year?
43dd6a535818b9817b393135,What currencies are used by the patients older than 40 this year?
7bdfe013186f828667928905,Whats the phone number of the dr who is taking care of patient 28447
a3af29b331f6bb117e33572a,Did patient 27964 submit a report about the covid-19 test result?
8bada17662a355a51ea59bda,Draw a pie chart showing the distribution of marital statuses among the patients.
54d266747ccc80d0ed29f19e,Transcribe a doctor's verbal notes about patient 1242's condition and treatment plan.
7850fd4718ef0345b66f16ee,Cluster patients based on drug prescriptions and ages.
3c480ed464a8bb7f48ac6ad3,What is the telephone number of patient 27656's companion?
601cdbff25250c54ae7b604d,What are the remaining tests that patient 22449 has today?
216188fe302509bfcf221465,Was minnie married?
6a969b626da94022cd09b496,Find recent articles on patient privacy in hospitals.
20dc30c77f1b416cf280b62b,Any test appointment of patient 17667 today?
706174ad5a8f8d55b224dbdf,How many transfers are due to reasons related to complications?
84c0a3f1d8f6eba51c9d5bee,What is the average speed in knots for patients who were admitted to the icu for the past three months?
1d6044d33845efb3cb927bac,How many patients admitted this year reported no allergies?
9ed9ea6427a74331f8c0ae9f,How many patients who suffer from hypertension have a place of birth in la?
065b020277adeeaf7b2334bf,Create a report that includes patient demographics and the top five most common procedures.
420bccb119240479b01959f1,Who made the first playstation
bbb7101ab70e7712f9d01ec7,Does patient 19412 get pet-ct readings?
2bfbfac869d7a901aa75a0e7,What are the currencies the patients born before 2070 use?
4eb570ece07f38aa85107fcf,When is patient 77676 next mri scan?
f0d34937f5d41dd42fe0b372,What are the ten most recent articles on depress psychosis-unspec?
c9c78d7791bc4da8fbbd4eaa,Transcribe audio feedback from patients about their hospital stay and treatment.
8d80b1b9e406fe7a5a097ec2,What is the recommended dose of the drug prescribed to patient 10128 at 2104-1106 00:00:00?
c1d459523b1199c08ad0e0bc,What is the most common reason for transfer for patients under 18?
c98c060929248bcba6628b8e,Does patient 72909 have any plans for other departments to visit after the current hospital visit?
b61cbedd599810345dbf4e51,Where was pfc deglopper born
c8912477d5181d9a93846c73,I am trying to figure out what medicine to use to relieve a headache in hypertensive patients.
dcd918b9b383d4c8b82d525a,Play nature sounds in the maternity ward to promote relaxation.
f046767dd9ee27d2e46f089a,Convert the microbiology report for subject 269 into hindi.
f268157490484fd392fc3625,What is software?
33d9a5f72eefb71b319b35b0,Translate the prescription instructions for the drug 'atenolol' to german.
7bc817217b3da62394e8dec8,From what age is prochlorperazine maleate permitted to be used?
92f2bfda6464ad834b3d3668,Which procedure has the shortest time between a patient's last hospital discharge and their next expected admission on average?
ca5022461fd46823f66c73e1,What is the percentage of 'engineer' patients who suffered from hypertension?
39de5025dda78c678bc23c91,What are the docs for discharge in a hospital
5b125ca978768d6d90c96817,Find the emergency contacts for patients transferred to the micu care unit more than once.
da729a26fea20170777e7a67,Would you please tell me what medicine to use to relieve the headache in hypertensive patients?
